{"enc_input": [[2, 3, 0, 5, 7], [0, 10, 8, 10, 1]], "dec_input": [[2, 3, 10], [1, 10, 8]], "enc_mask": [[true, true, false, true, true], [false, true, true, true, true]], "dec_mask": [[true, true, true], [true, true, true]], "projection_matrix": [[-1.0125845670700073, 0.7004679441452026], [0.3568735718727112, 0.5158904194831848], [-0.7685688734054565, -0.9031749367713928], [-0.8182262778282166, 0.6962807774543762], [-0.3451083302497864, 0.10533971339464188], [0.39384645223617554, 1.2902988195419312], [-0.9393454194068909, 0.4842587411403656], [1.0588222742080688, 2.053860664367676]], "output": [[[-0.4819948673248291, -0.39294418692588806, 0.15393584966659546, 0.5040971040725708, 0.45709314942359924, 0.7590142488479614, -1.4275171756744385, 0.7509580850601196, 0.6253378391265869, -0.5058715343475342, 0.12496362626552582], [-0.9590591192245483, -0.9680511355400085, 0.5516811609268188, 0.3731681704521179, 0.38402247428894043, -0.5483096837997437, -0.8928580284118652, -0.1982480138540268, 0.6291424036026001, -1.1449698209762573, -0.09189347922801971]], [[-0.0691303163766861, 0.1898517608642578, -0.568548858165741, 0.6296630501747131, 0.5009971857070923, 1.1698790788650513, -0.32047268748283386, 1.0161255598068237, 0.13128095865249634, 0.06261986494064331, 0.49246448278427124], [-0.6748850345611572, -0.7772260308265686, -0.14929793775081635, 0.49220919609069824, 0.4219886064529419, -0.35673895478248596, -0.1411687284708023, -0.30114078521728516, 0.020150959491729736, -1.0103163719177246, -0.08781461417675018]]]}